-- MySQL dump 10.13  Distrib 8.0.30, for Win64 (x86_64)
--
-- Host: localhost    Database: recordapp
-- ------------------------------------------------------
-- Server version	8.0.30

/*!40101 SET @OLD_CHARACTER_SET_CLIENT=@@CHARACTER_SET_CLIENT */;
/*!40101 SET @OLD_CHARACTER_SET_RESULTS=@@CHARACTER_SET_RESULTS */;
/*!40101 SET @OLD_COLLATION_CONNECTION=@@COLLATION_CONNECTION */;
/*!50503 SET NAMES utf8 */;
/*!40103 SET @OLD_TIME_ZONE=@@TIME_ZONE */;
/*!40103 SET TIME_ZONE='+00:00' */;
/*!40014 SET @OLD_UNIQUE_CHECKS=@@UNIQUE_CHECKS, UNIQUE_CHECKS=0 */;
/*!40014 SET @OLD_FOREIGN_KEY_CHECKS=@@FOREIGN_KEY_CHECKS, FOREIGN_KEY_CHECKS=0 */;
/*!40101 SET @OLD_SQL_MODE=@@SQL_MODE, SQL_MODE='NO_AUTO_VALUE_ON_ZERO' */;
/*!40111 SET @OLD_SQL_NOTES=@@SQL_NOTES, SQL_NOTES=0 */;

--
-- Table structure for table `employee`
--

DROP TABLE IF EXISTS `employee`;
/*!40101 SET @saved_cs_client     = @@character_set_client */;
/*!50503 SET character_set_client = utf8mb4 */;
CREATE TABLE `employee` (
  `id` int NOT NULL AUTO_INCREMENT,
  `lastname` varchar(45) NOT NULL,
  `firstname` varchar(45) NOT NULL,
  `office_id` int NOT NULL,
  `address` varchar(100) DEFAULT NULL,
  PRIMARY KEY (`id`)
) ENGINE=InnoDB AUTO_INCREMENT=296 DEFAULT CHARSET=utf8mb4 COLLATE=utf8mb4_0900_ai_ci;
/*!40101 SET character_set_client = @saved_cs_client */;

--
-- Dumping data for table `employee`
--

LOCK TABLES `employee` WRITE;
/*!40000 ALTER TABLE `employee` DISABLE KEYS */;
INSERT INTO `employee` VALUES (1,'Veum','Jovani ',1,'21584 Orion Ports\nPort Ramonmouth, CT 13374-5291'),(2,'Hagenes','Angeline ',1,'39563 Kuvalis Mission Suite 785\nHarrisland, PA 83185'),(3,'Kiehn','Edmund ',8,'699 Greenholt Expressway\nSouth Christberg, VA 95073'),(4,'Veum','Emory ',7,'33084 Amelia Estate Suite 230\nEichmannmouth, NY 73448'),(5,'Feil','Gregory ',8,'34687 Loy Brook\nKilbacktown, MN 81790'),(6,'Franecki','Alf ',5,'798 Rosalee Fields Apt. 571\nCarmelaport, FL 25760-5872'),(7,'Swaniawski','Conrad ',2,'42195 Wolf Crescent Suite 142\nMarquisechester, NE 31940-1481'),(8,'Watsica','Christine ',6,'756 Klocko Turnpike Apt. 091\nSouth Eraberg, NC 32208'),(9,'Nikolaus','Tony ',6,'57770 Ayden Passage Apt. 739\nGrimesborough, MD 72260'),(10,'Turner','Eloise ',9,'238 Auer Hills Apt. 980\nEast Odellfort, SD 37723-2121'),(11,'Beer','Reinhold ',1,'98599 Fadel Corners Suite 297\nAmericachester, MN 43079-1216'),(12,'Schimmel','Helmer ',2,'90143 Bogisich Squares Suite 575\nSouth Hadley, MO 67795'),(13,'Olson','Rachael ',6,'956 Baumbach Land\nEast Aaron, MD 32708'),(14,'Kling','Tomasa ',9,'127 Hills Inlet\nKassulkeport, SC 71656'),(15,'Reynolds','Mitchel ',6,'132 Jovan Tunnel Suite 581\nSchroederfurt, IN 28568-8312'),(16,'Schmidt','Renee ',2,'81649 Sidney Islands Apt. 894\nDaphneeview, NY 91639'),(17,'Collins','Dallin ',9,'9069 Torphy Underpass Suite 470\nPort Kurtis, TN 51456-0675'),(18,'Jerde','Nellie ',1,'9616 Kacie Oval Suite 487\nNew Corineborough, NV 63038-3368'),(19,'Marks','Bridie ',7,'7213 Rempel Lakes Apt. 627\nHubertland, WY 73161'),(20,'Carter','Ana ',9,'223 Ebert Station Apt. 744\nEast Herminia, SC 46422'),(21,'Berge','Maureen ',2,'81373 Devin Circle Suite 921\nKattiemouth, MT 75848-1392'),(22,'Hilpert','Garrison ',8,'379 Conroy Springs\nStrackehaven, CA 47501-4614'),(23,'Thiel','Maida ',2,'45022 Augusta Station\nHerthaburgh, MT 54791-4921'),(24,'Dibbert','Chanel ',8,'27879 Huel Passage Suite 798\nNew Roslyn, CA 11304'),(25,'Gleason','Gino ',5,'33132 Judy Estates Apt. 418\nNorth Izaiahhaven, MI 88023'),(26,'Mayert','Shea ',1,'8427 Nicolas Fall Suite 440\nAbshireport, RI 02868'),(27,'Paucek','Jerrold ',2,'74958 Efrain Burgs\nNorth Elmer, MN 73429'),(28,'Weimann','Jaime ',1,'371 Kacey Motorway\nPort Emily, DE 66286'),(29,'Gleason','Amanda ',1,'836 Blanda Trace\nIdaberg, KY 17111'),(30,'Harris','Elwin ',5,'3334 Winfield Stravenue\nSouth Caleighstad, NH 68532-8037'),(31,'Stanton','Andreanne ',2,'196 Guiseppe Lights\nNew Dannyberg, OK 77500'),(32,'Wilkinson','Charlie ',6,'478 Parker Brook Apt. 863\nLittelview, MI 13801-7328'),(33,'Boyle','Aidan ',3,'990 McDermott Rapids\nWestberg, FL 07502-3011'),(34,'Von','Frank ',7,'789 Gottlieb Canyon\nUptonborough, WA 42461-8497'),(35,'Mitchell','Lonnie ',3,'58906 Jonathon Inlet\nSheachester, MI 95156-1856'),(36,'Corwin','Delbert ',4,'324 Bashirian Fords Suite 717\nLake Alfreda, RI 22636'),(37,'Beatty','Marilyne ',2,'9433 Haley Shoals\nNayelihaven, LA 19080-7769'),(38,'Okuneva','Jayne ',1,'50633 Lempi Parkways Suite 297\nPort Lilla, MO 39658'),(39,'Keeling','Davion ',7,'65705 Elroy Road\nWest Macyberg, AR 82006-9948'),(40,'Waters','Deontae ',2,'467 Melody Trace\nChristiansentown, WY 33907-2186'),(41,'Fahey','Caleb ',3,'73669 Leuschke Cliffs\nSouth Garfieldchester, NH 10762-4021'),(42,'Bruen','Darion ',1,'9935 Bartell Views Suite 163\nGerardoville, RI 48502'),(43,'Connelly','Rowland ',6,'4043 Wunsch Spring Apt. 657\nLake Othaland, NC 78236'),(44,'Cronin','Bernard ',4,'9468 Raquel Corner\nSeamusfort, AK 68586'),(45,'Effertz','Mozelle ',4,'428 Davion Estate\nPort Bulah, MN 64191'),(46,'Farrell','Zita ',3,'7940 Hane Plains Suite 075\nNew Eulahport, WI 42702'),(47,'Hayes','Stephania ',7,'44330 Ebba Garden Suite 557\nRylanside, NJ 71496-0531'),(48,'Keebler','Angus ',3,'571 Gleichner Hill\nKuhnport, NE 85898-2927'),(49,'Effertz','Eliseo ',9,'4607 Burnice Run Suite 356\nRaubury, TN 67247'),(50,'Wunsch','Julian ',2,'590 Waters Pine Apt. 963\nSchuppetown, TX 47885'),(51,'Schoen','Precious ',5,'5420 Maryse Ways\nSouth Manleymouth, VT 38418'),(52,'Legros','Lewis ',4,'8960 Block Islands Apt. 716\nHuldahaven, IN 05978'),(53,'Effertz','Nona ',5,'58394 Kihn Road Apt. 058\nWest Noemi, OH 91862-0716'),(54,'Wehner','Libbie ',1,'7847 Cormier Isle\nLake Isobelland, GA 25156'),(55,'Romaguera','Nola ',1,'6768 Sedrick Landing Suite 322\nSouth Annalisemouth, CA 30257'),(56,'Roberts','Nannie ',4,'80646 Judah Hollow\nLarsonberg, CO 30757'),(57,'Waelchi','Larry ',4,'1775 Rempel Camp Apt. 305\nTyraland, UT 40306'),(58,'Cruickshank','Jesus ',9,'4722 Bednar Parks\nEast Destinee, OR 72844-3193'),(59,'Hudson','Jarret ',7,'87377 Farrell Center Apt. 242\nLulufort, LA 69572'),(60,'Abernathy','Nathanael ',3,'397 Donato Plaza\nLake Jacinthe, ND 81640'),(61,'Schinner','Kara ',3,'2658 McDermott Ports Apt. 187\nEast Brookschester, AK 54109-5427'),(62,'Nikolaus','Holden ',2,'296 Bartoletti Street Suite 461\nHackettland, SD 68305-1825'),(63,'Little','Ryder ',9,'248 Maryse Harbor Suite 899\nCarsonberg, IN 59640'),(64,'DuBuque','Drew ',3,'782 Kiel Summit\nCormierberg, NH 10846-7661'),(65,'Sauer','Bryana ',2,'715 Vandervort Ways Suite 710\nLittleburgh, NE 74727-5671'),(66,'Mertz','Harvey ',3,'672 Evelyn Cliff Apt. 586\nBartellchester, AR 97697'),(67,'Beier','Cheyenne ',8,'239 Ledner Wall Apt. 079\nLake Joanie, MD 82082-1181'),(68,'Zemlak','Terence ',3,'61686 Nienow Station Suite 879\nAnaville, VA 29596-0719'),(69,'Schamberger','Esmeralda ',3,'89186 Alexanne Oval Suite 580\nLake Keshawn, AL 79053'),(70,'Reilly','Donnell ',3,'84391 Hackett Brook Suite 339\nNorth Theaton, OH 53722-2705'),(71,'Blanda','Terence ',3,'5647 Durgan Ways Suite 205\nErnaport, AR 66823'),(72,'Zulauf','Urban ',4,'50334 Carlo Stream Apt. 701\nMiaville, WI 74479'),(73,'Effertz','Garrison ',2,'5082 Gusikowski Springs\nWest Everettville, NJ 33425'),(74,'Treutel','Khalil ',7,'90827 Ortiz Harbor Apt. 450\nSouth Eloisa, ID 67781'),(75,'Emard','Fannie ',9,'848 Heller Ridges\nNorth Ashlyborough, MN 31580-4168'),(76,'Volkman','Ellie ',2,'56372 Labadie Gardens\nEast Lucio, NY 28087'),(77,'Harris','David ',6,'2363 Clotilde Drive\nNorth Maurineview, RI 00819'),(78,'Aufderhar','Bart ',3,'1293 Marvin Alley Apt. 626\nBessiehaven, GA 49118'),(79,'Barrows','Larissa ',7,'451 Claudine Roads\nKuhicville, SD 35692'),(80,'Schultz','Eliezer ',7,'196 Jenkins Branch Suite 142\nNew Ted, WY 93597'),(81,'Armstrong','Nelle ',7,'982 Rippin Shoals Suite 540\nSouth Hesterhaven, NM 57401-8827'),(82,'Leuschke','Allen ',9,'6454 Maggio Fork Apt. 102\nErikton, MT 27543-5549'),(83,'Swift','Demario ',3,'42094 Adams Valleys Suite 096\nLake Vida, TX 08867-5622'),(84,'Kunde','Queenie ',7,'5061 Beier Manor Suite 327\nCummerataport, HI 73294'),(85,'Wolf','Alejandrin ',7,'25042 Will Extension Apt. 510\nGrantmouth, HI 19430'),(86,'Doyle','Arch ',2,'38217 Quinn Knolls Suite 242\nNorth Mustafa, NM 24792-6807'),(87,'Wolf','Evelyn ',5,'713 Timmothy Mountains\nJaniyaville, HI 54881'),(88,'Jast','Jamar ',8,'91716 Klein Vista Suite 259\nNorth Jaeden, AL 06795'),(89,'Luettgen','Courtney ',4,'889 Jeanette Harbors\nNew Floydton, OK 37659-3020'),(90,'Mayer','Wilburn ',9,'186 Lenore Viaduct Suite 034\nNew Janessaburgh, KS 82777-5316'),(91,'Runolfsdottir','Mozelle ',9,'66225 Tavares Shores\nMoenburgh, RI 82228-0249'),(92,'Collier','Vickie ',1,'108 Torphy Lodge\nEast Bennett, SD 62751-5568'),(93,'Kessler','Rosamond ',7,'744 Thiel Overpass Suite 385\nBarbaraville, MI 54154-9665'),(94,'Mitchell','Triston ',3,'93637 Sharon Motorway Suite 173\nNew Tiaton, GA 99031'),(95,'Wuckert','Travis ',9,'68804 Clemens Garden Apt. 520\nWest Bulah, DE 80093'),(96,'Predovic','Efrain ',4,'57882 Bednar Alley\nFraneckiburgh, MO 88708-2891'),(97,'Wisozk','Nathen ',6,'1053 Lelia Creek Apt. 716\nPfefferbury, NY 31443'),(98,'McGlynn','Eugenia ',7,'485 Allan Roads Apt. 955\nBaumbachville, HI 37300-4643'),(99,'Gerlach','Rosina ',8,'4887 Daugherty Tunnel\nWisozkland, WY 58023'),(100,'Wintheiser','Peyton ',8,'624 Tillman Island\nHelgafort, NH 74943-3534'),(101,'Rau','Shaina ',4,'8888 Kellie Alley Suite 560\nWest Norafort, VA 28545-1459'),(102,'Prosacco','Anya ',8,'606 Shad Point\nLake Aglaefurt, OK 10611'),(103,'Mueller','Sylvester ',7,'3325 Johan Ford Apt. 068\nClarabellebury, WA 65892'),(104,'Maggio','Thelma ',1,'25562 Nader Passage\nLake Margretshire, NE 32194-7789'),(105,'Schultz','Maxine ',9,'14978 Precious Alley\nPort Marjorie, NY 65002'),(106,'Upton','Haylie ',6,'21768 Dibbert Freeway\nWest Kearashire, VA 64652'),(107,'Marquardt','Antone ',6,'990 Kuhlman Stravenue Apt. 720\nSouth Ilafurt, NC 35691-7542'),(108,'Wisozk','Micah ',4,'54358 Will Heights Apt. 632\nAmberchester, ND 73636'),(109,'Becker','Jonathon ',3,'555 Cecilia Underpass Suite 997\nLake Serenityfort, ID 09947-0898'),(110,'Fritsch','Grayce ',4,'36580 Price Lock\nLake Jacynthe, FL 98373-4139'),(111,'Little','Daphnee ',7,'21065 Cassie Parkways\nEast Dannie, VT 76493-0061'),(112,'Stokes','Breana ',2,'76222 Weissnat Union\nAxelhaven, ME 05012'),(113,'White','Derick ',3,'1578 Leuschke Motorway Apt. 137\nLake Juniorview, ND 08115-5183'),(114,'Aufderhar','Lewis ',9,'94411 Block Inlet Apt. 392\nPort Nicola, NM 11793'),(115,'Pfeffer','Ruben ',6,'45487 Wiegand Ports\nConnellyhaven, MD 71556-7222'),(116,'Ortiz','Justina ',8,'29908 Jones Fort Apt. 851\nMosciskimouth, OK 76780-3196'),(117,'Skiles','Bulah ',5,'551 Neil Isle Suite 781\nWest Sidneybury, VA 67971-5365'),(118,'Harris','Sylvia ',4,'874 Littel Gardens\nPort Nelschester, KY 26466-8231'),(119,'Kreiger','Violette ',8,'2415 Connor Alley Suite 117\nNorth Carmen, UT 64091-8107'),(120,'Braun','Raheem ',7,'22613 Wyman Tunnel\nSouth Shane, UT 45063-5144'),(121,'Johnson','Laurie ',3,'170 Yasmine Course\nLindgrenberg, MS 50325-5678'),(122,'Barton','Sallie ',5,'841 Geoffrey Bypass\nLake Enochchester, CT 42798'),(123,'Bernier','Sigmund ',3,'618 Katelin Park\nEast America, FL 04915-2791'),(124,'Nienow','Isabell ',1,'96201 Kshlerin Falls\nPort Isomhaven, OH 13696-1680'),(125,'Murray','Nelle ',3,'6694 Amelia Expressway\nEast Emerald, VT 20219-5086'),(126,'Ernser','Robin ',2,'2973 Alanna Spur\nDaynachester, MT 96996'),(127,'Jacobson','Mariah ',6,'535 Libby Fall\nNew Robert, FL 40026'),(128,'Kilback','Haskell ',4,'86537 Pagac Burgs Suite 916\nHerminiaville, MT 25152-8818'),(129,'Huels','Karli ',2,'2194 Wilhelmine Fort Suite 517\nWest Phyllis, WV 77621'),(130,'Rippin','Geo ',1,'247 Ressie Hollow\nWest Sylvia, OH 67247-7288'),(131,'Borer','Tabitha ',7,'625 Rippin Causeway Apt. 670\nWillieborough, OK 39800'),(132,'Runolfsdottir','Milan ',2,'2556 Mraz Summit Apt. 104\nSouth Claudieburgh, NY 20646'),(133,'Wisoky','Mathilde ',1,'42522 Ullrich Brook\nLake Ryderchester, HI 06440'),(134,'Powlowski','Freddie ',2,'246 Eli Lakes\nNew Baileeville, WV 23984-1331'),(135,'Quigley','Hassie ',2,'1017 Flavie Trafficway\nStarkstad, OK 07672'),(136,'Champlin','Desiree ',2,'269 Olga Viaduct Apt. 976\nNorth Frederiquehaven, VA 76018-0324'),(137,'Reichel','Kevon ',6,'91101 Kozey Island Apt. 599\nWest Melbaberg, NY 11241-0210'),(138,'Fritsch','Golda ',4,'1762 Steuber Expressway\nMitchellhaven, UT 80188-5850'),(139,'Terry','Dion ',8,'8020 Shana Dale\nZackeryfort, SD 38372'),(140,'Rogahn','Cole ',7,'132 Dickens Extensions Apt. 466\nKossview, DC 85603-7995'),(141,'Mitchell','Rosalyn ',8,'980 Schoen Circle\nWest Mittieside, KS 93819'),(142,'Bartoletti','Stanton ',4,'8537 Hessel Vista\nSouth Celestine, IN 09405'),(143,'Cremin','Trent ',8,'31498 Gregorio Village Apt. 458\nVerdiestad, AR 37687-3276'),(144,'Mohr','Anne ',6,'129 Janae Light Suite 663\nAlexaneville, MI 19435'),(145,'Bernhard','Dashawn ',4,'29684 Ortiz Pike\nFannyhaven, SD 17686'),(146,'Ratke','Dane ',3,'462 Upton Ville\nHegmannside, MN 02903-4288'),(147,'Cormier','Kaley ',5,'305 Stokes Spring Suite 117\nSporermouth, ND 29848-1555'),(148,'Wisozk','Hettie ',9,'76015 Serena Lodge Apt. 067\nNorth Gina, SD 41886-5770'),(149,'Abshire','Cleta ',6,'504 Beer Parkway\nLindgrenborough, ID 12512'),(150,'Abbott','Isabell ',2,'327 Flatley Plain Suite 434\nSawaynmouth, VA 73658-0569'),(151,'Bartoletti','Lawrence ',4,'915 Gaylord Ranch Apt. 030\nJerdeburgh, NY 60493'),(152,'Larkin','Mona ',1,'77492 Michaela Orchard Suite 169\nNew Kaycee, IA 39456'),(153,'Sanford','Jack ',4,'837 Conroy Mission\nDonaldhaven, MA 68960-4436'),(154,'Konopelski','Kristofer ',9,'650 Walker Junctions Suite 842\nDeckowberg, PA 42731-4566'),(155,'Kulas','Valentin ',3,'71392 Kieran Groves\nKadeville, AZ 30921-4475'),(156,'Torp','Leanna ',8,'499 Flo Inlet\nAnkundingshire, IA 72720'),(157,'Bogisich','Aubree ',3,'9870 Conor Spurs\nLake Cassandrabury, TX 46393'),(158,'Langworth','Alexandria ',1,'2098 Schoen Orchard Suite 933\nGardnerland, MO 75464-6537'),(159,'Kozey','Frankie ',7,'854 Teresa Tunnel Suite 351\nNorth Roscoe, OR 40804'),(160,'Pagac','Sandy ',6,'951 Faye Field Apt. 153\nSouth Odessaborough, NY 65437-6373'),(161,'Miller','Horacio ',7,'55179 Ritchie Motorway\nNorth Dudleyberg, WY 68295-9684'),(162,'Howell','Damon ',5,'5193 Vaughn Square Suite 057\nEast Samanthashire, NE 10745'),(163,'Kuvalis','Amiya ',4,'386 Hoppe Inlet\nLake Cyrilport, OR 49907-0489'),(164,'Grant','Adele ',5,'2580 Bosco Squares Apt. 062\nAbshireberg, NJ 57404-8677'),(165,'Doyle','Unique ',5,'8883 Ewald Parkway Apt. 940\nStrosinstad, MO 54456'),(166,'Moore','Winfield ',4,'68780 Nat Glens\nParkermouth, MI 63407'),(167,'Klein','Eulalia ',2,'79048 Klein Village\nLaneystad, SC 93391'),(168,'Littel','Rosemarie ',4,'51940 Toy Spur Suite 687\nSouth Shyanne, RI 77609-2421'),(169,'Brown','Rebeca ',9,'88067 Raymundo Brooks Apt. 109\nErdmanfurt, IL 34366-6895'),(170,'Bartell','Caroline ',3,'539 Johns Shoal Apt. 004\nNorth Staceyside, KS 91170-2856'),(171,'Ratke','Haleigh ',2,'56554 Thurman Loop\nLarsonfurt, AL 51160-7469'),(172,'Zieme','Fredy ',8,'463 Feest Trafficway Apt. 938\nNorth Charlenechester, CA 05584-2725'),(173,'Lindgren','Leda ',1,'29949 Upton Gateway Suite 802\nSchuppetown, OR 13387-3908'),(174,'Rosenbaum','Kaylin ',7,'43324 Florencio Points\nCollierhaven, CA 57960'),(175,'Gibson','Arch ',6,'971 Zboncak Summit Suite 323\nEast Jayneburgh, MD 93965-0912'),(176,'Botsford','Sunny ',5,'4987 Eli Row\nEast Jairoside, MT 79078'),(177,'Russel','Ignatius ',9,'77480 Miller Glens\nRollinburgh, NV 92209-7520'),(178,'Yundt','Lemuel ',9,'51286 Rosalee Green Apt. 646\nNorth Felicity, FL 54690'),(179,'Wunsch','Eldon ',7,'7807 Carolina Spur\nPort Ibrahimview, ND 80281-1645'),(180,'Maggio','Joel ',7,'905 Wilhelmine Vista\nEast Jarredmouth, WI 31285-4058'),(181,'Abbott','Sigurd ',1,'22999 John Pines Apt. 838\nPort Candidastad, WA 68766'),(182,'Schuster','Aimee ',2,'6491 Gaylord Mill\nPort Precioushaven, MI 24778'),(183,'Barton','Jaquelin ',8,'602 Francisco Mill\nKatarinaton, UT 39358-7230'),(184,'Reilly','Adrienne ',4,'307 Arne Union\nWest Filibertoton, WV 44782-8985'),(185,'Stamm','Fleta ',3,'255 Wanda Spring Apt. 249\nNew Alessandrobury, NC 76423'),(186,'Watsica','Alessia ',6,'7879 Emery Mill\nHartmannborough, IL 72862-0551'),(187,'Witting','Lisa ',5,'27991 Carolyne Extensions Suite 416\nEdnachester, NV 32369-9529'),(188,'Hand','Lucas ',2,'23328 Darlene Trace Suite 753\nWest Loytown, OK 41114'),(189,'Walter','Marjorie ',6,'354 Mckenna Club\nWest Sandy, SD 05051'),(190,'Rempel','Marilou ',9,'828 Lucious Port Apt. 258\nNienowtown, ID 52288'),(191,'Weber','Tyrell ',1,'57558 Hettinger Parks Suite 372\nFaheymouth, AL 00314-2351'),(192,'Hayes','Marianna ',5,'2416 Rylan Plaza Apt. 910\nEast Angelina, CA 15770-0593'),(193,'Weber','Isabell ',4,'638 Augustine Plaza\nEast Reymundo, MT 32097'),(194,'Langosh','Cassandre ',3,'568 Sister Corner Suite 352\nLavonneport, MT 66919'),(195,'Crooks','Delia ',8,'659 Rebecca Extensions Suite 352\nNew Adamfurt, OK 71979-7934'),(196,'Thiel','Ophelia ',8,'803 Kristina Mews Apt. 490\nWest Gwenmouth, DC 36005-1073'),(197,'Koepp','Osborne ',1,'3370 Feil Harbor\nLeschmouth, NE 20656'),(198,'Muller','Bell ',8,'918 Angelica Wall\nLake Madelynport, UT 99819'),(199,'Fahey','Patricia ',2,'103 Bria View\nWest Franzside, MD 81525'),(200,'Littel','Theo ',9,'7835 Vivien Mountains\nEast Kaia, VT 80685'),(201,'Tremblay','Michaela ',8,'5214 Dalton Well\nNew Judge, AR 25451'),(202,'Hodkiewicz','Stan ',6,'7132 Susana Falls Apt. 460\nNorth Oceaneborough, IL 28173-5259'),(203,'Schimmel','Urban ',7,'7085 Ignacio Circles Apt. 160\nGrantland, CT 45869'),(204,'Keebler','Vivien ',8,'109 Fermin Hills\nBonitamouth, NY 18301'),(205,'Roob','Jeanie ',1,'5519 Friesen Mall Suite 404\nNorth Corbin, NC 76544'),(206,'Koepp','Hildegard ',5,'851 Yolanda Falls\nMarksfurt, UT 79233'),(207,'Mosciski','Josefa ',1,'106 Legros River\nWeberberg, SC 68798'),(208,'Kirlin','Christian ',6,'526 Iliana Harbor Apt. 809\nNorth Candice, RI 56714-5728'),(209,'Blick','Shea ',4,'8192 Keenan Cove Suite 765\nLake Daishamouth, UT 95593-3845'),(210,'Hilpert','Eudora ',2,'34241 Wehner Groves Suite 009\nMarshallland, AZ 58132'),(211,'Bogisich','Roma ',6,'14987 Dooley Falls Apt. 672\nLake Lucieport, RI 52290'),(212,'Mohr','Laurel ',3,'70469 Hahn Lodge Suite 015\nMyrticefort, AZ 83979'),(213,'Goldner','August ',4,'9457 Corwin Mountain Apt. 913\nMcLaughlinside, OK 90647'),(214,'Runte','Kayli ',7,'3542 Izaiah Vista Suite 654\nPort Sim, LA 86795'),(215,'Cummerata','Jayda ',5,'4630 Willms Junctions Apt. 740\nWest Christinaborough, OK 39194'),(216,'Kunze','Stephan ',8,'516 Pfannerstill Squares\nWintheiserbury, VA 59192-8016'),(217,'Powlowski','Gardner ',1,'8129 Mossie Ranch Apt. 426\nPort Benjamin, DC 33724-8889'),(218,'Leuschke','Karley ',9,'600 Cierra Cape\nNorth Trystan, PA 00039'),(219,'Abernathy','Wilhelm ',9,'3648 Ubaldo Ferry Apt. 488\nRustyport, WY 43263-3901'),(220,'Green','Omari ',4,'21725 Conn Inlet\nNew Dell, VA 88342-3666'),(221,'Hammes','Ursula ',5,'957 Crona Plains\nShaniatown, VT 95734'),(222,'Barton','Alfonso ',5,'98643 Keebler Plains\nEast Destinee, IL 71416'),(223,'Hane','Antonetta ',3,'27924 Molly Roads\nEast Zoe, AK 09560-9843'),(224,'Anderson','Cameron ',3,'184 Americo Path\nLake Weston, WI 54867'),(225,'Dooley','Rylan ',6,'68195 Carole Rest\nLake Oletaton, NJ 64998-7084'),(226,'Tillman','River ',5,'33877 Chase Spur\nChesleymouth, ID 23024-6538'),(227,'Klocko','Mckenna ',3,'87217 Ashtyn Roads Suite 704\nEast Arlene, VT 44475-8925'),(228,'Dickens','Jovani ',4,'7206 Frami Fords Apt. 449\nEast Lynn, AL 70251-0108'),(229,'Aufderhar','Janick ',2,'59455 Van Locks Apt. 942\nLake Luna, UT 97611'),(230,'Hagenes','Clotilde ',4,'89021 Gerlach Plains\nWest Bennettborough, TN 51450-8398'),(231,'Koch','Price ',9,'491 Daphne Stravenue Apt. 443\nLynchhaven, WA 01312'),(232,'Hermann','Amanda ',9,'416 Konopelski Wells\nCartwrightshire, WA 74715'),(233,'Gleason','Darren ',7,'48210 Zelma Island Suite 816\nBraunfurt, NM 89914-7961'),(234,'Medhurst','Eugenia ',5,'54052 Christiansen Port\nKuvalischester, AZ 02225-8512'),(235,'Mayert','Sammie ',9,'20443 Shane Islands Suite 773\nLake Ardith, CO 28684'),(236,'Thiel','Karlee ',9,'90758 Hane Camp\nEmelytown, GA 51020-8420'),(237,'Harvey','Jazmyne ',3,'5128 Hodkiewicz Tunnel Apt. 926\nEast Abigayle, LA 09369'),(238,'Treutel','Duane ',4,'857 Ima Point Apt. 297\nPort Annamaeview, NM 44236'),(239,'Hoeger','Ellie ',3,'421 Gusikowski Rapid Apt. 448\nWintheiserborough, NH 15776-0441'),(240,'Hills','Evelyn ',9,'726 Brice Dam Apt. 272\nMarielaside, OR 98897'),(241,'Schamberger','Viviane ',7,'50318 Reva Trail Apt. 124\nWeimannchester, VT 84467'),(242,'Marvin','Cristal ',5,'9575 Lindgren Place\nNew Abbeyfurt, VT 63978'),(243,'Simonis','Hugh ',7,'2776 Lauryn Garden Apt. 272\nNew Arvilla, CO 24651'),(244,'Schuster','Berenice ',5,'3213 Rupert Row\nLeschport, NV 59555-8271'),(245,'Sawayn','Lavern ',9,'2243 Connelly Heights Suite 787\nMargemouth, ME 41740-2582'),(246,'Leuschke','Damon ',3,'9839 Mireille Circles Apt. 734\nDaronstad, OH 41707-0509'),(247,'Kuvalis','Maryse ',6,'56739 Keira Road Apt. 122\nPort Shanny, IN 14951'),(248,'Stroman','Agnes ',6,'13158 Dickinson Circle\nSalvatorebury, WA 06267-0679'),(249,'Ziemann','Nannie ',9,'4290 Lemke Knolls\nEast Henriette, AR 51258'),(250,'Schroeder','Brook ',8,'134 Tyrique Parks\nPort Kenya, NJ 56541-2877'),(251,'Bode','Mariano ',8,'9614 Collins Roads Suite 977\nTommouth, SD 07101-3568'),(252,'Bergnaum','Brandi ',3,'3014 Torp Burg Suite 975\nPort Donnystad, ME 76977'),(253,'Walter','Dora ',9,'6548 Oleta Expressway Apt. 542\nNew Robb, VA 25150-3527'),(254,'Ortiz','Alice ',3,'437 Hudson Loop Suite 894\nNienowhaven, AZ 54027'),(255,'Murray','Malika ',4,'3941 Shanahan Ferry\nBlickburgh, MI 74057'),(256,'Brekke','Salma ',8,'771 Rowe Hill Apt. 517\nNorth Novella, AR 07487'),(257,'Connelly','Annamarie ',8,'278 Dicki Plains Apt. 503\nEfrenview, WA 28706-1605'),(258,'Harris','Shanelle ',6,'8061 Kenyon Mountain\nMargueritebury, NM 91486'),(259,'Walker','Jerrold ',9,'9542 Tony Drives Apt. 535\nManuelside, FL 06777-5963'),(260,'Cole','Ashtyn ',1,'26854 Marks Rapids\nNew Alecport, CO 71167'),(261,'Kuhlman','Lorenz ',6,'4865 Schmeler Spur\nKassulkeborough, OR 05472'),(262,'Armstrong','Idella ',1,'59176 Rylee Drives Apt. 132\nPort Lauretta, AZ 26084-1851'),(263,'Baumbach','Makayla ',2,'5889 Bernhard Rapids Apt. 910\nNorth Kobemouth, SD 02848-2445'),(264,'Funk','Johnpaul ',8,'98318 Dare Ways Apt. 144\nWaynemouth, WY 08659'),(265,'Kunze','Serenity ',4,'8406 Wyman Keys\nNorth Margaret, MA 81295-5063'),(266,'Lemke','Saul ',8,'4036 Magnolia Bridge\nToymouth, MD 24961-7369'),(267,'Steuber','Zakary ',4,'85802 Schuppe Hollow Apt. 768\nJeromeshire, PA 92955-4988'),(268,'Corkery','Hettie ',3,'94935 Rippin Views Suite 825\nLake Rosalindport, NV 87179'),(269,'Armstrong','Patrick ',1,'122 Bergstrom Highway Suite 735\nNoahland, MD 49012'),(270,'Stroman','Pearlie ',3,'65946 Reichel Heights\nEast Griffin, VT 26376-8113'),(271,'Ledner','Lue ',3,'52951 Maximillia Springs\nPort Skylashire, LA 89012-6394'),(272,'Bartell','Gregorio ',6,'9753 Monahan Crossroad Suite 491\nSouth Hadleyland, RI 96817-3709'),(273,'McGlynn','Oda ',7,'96110 Gudrun Cape\nLangworthside, UT 14979'),(274,'Stracke','Antonette ',1,'82788 Hermiston Common\nNorth Emilbury, SD 19871-2566'),(275,'Osinski','Cornelius ',4,'419 Harber Radial\nNew Kavon, NC 12230'),(276,'Kuphal','Odell ',6,'24274 Susana Glen Suite 715\nOlsonland, OK 95314-3498'),(277,'Friesen','Naomie ',7,'249 Angelina Haven\nFloyside, HI 08832-5345'),(278,'Breitenberg','Loraine ',4,'632 Rodolfo Fields\nWillton, IN 73257-2031'),(279,'Thompson','Madge ',1,'1051 Dickens Port\nPort Erickmouth, DE 88398-4900'),(280,'Connelly','Bradford ',1,'2618 Pacocha Crossroad\nMarquisehaven, WV 33509-4617'),(281,'Ziemann','Chadd ',8,'380 Maria Lodge Apt. 863\nGarryfort, NE 95759'),(282,'Koss','Rachel ',6,'5511 Wilton Path Apt. 370\nSpencertown, WV 55837-1565'),(283,'Gerlach','Wayne ',8,'9321 Loyal Knoll Suite 759\nJacksontown, WV 22978-1433'),(284,'Quigley','Thelma ',4,'22090 Lennie Meadows\nNew Estevanfort, AK 02347'),(285,'Morissette','Sylvan ',4,'37306 Delia Rest\nBruenhaven, KY 15819-8734'),(286,'Walter','Nikki ',1,'61521 Lauren Field\nHelgaview, KS 87015'),(287,'Lang','Cortez ',5,'8244 Karley Village\nEast Dulceburgh, NV 14151-5968'),(288,'Rodriguez','Fabiola ',3,'7577 Lueilwitz Creek\nClarkport, OH 01718'),(289,'Ryan','Hiram ',3,'94533 Zakary Fords Apt. 035\nWest Kiarra, PA 55751-6410'),(290,'Hoeger','Mckenzie ',9,'18041 Ewell Turnpike\nMathildetown, NE 33920'),(291,'Stokes','Ruby ',5,'552 Darian Ways\nSpinkaberg, LA 02046'),(292,'Doyle','Tod ',2,'275 Wisoky Port\nWest Olga, MA 89588'),(293,'Bashirian','Alex ',5,'13342 Elda Cliffs\nNorth Carmen, TN 08452-4252'),(294,'Dickinson','Alessia ',4,'672 Fahey Fields Apt. 628\nNew Annamarie, AZ 08582'),(295,'Mann','Winston ',9,'1269 Wiegand Hollow\nEast Cloydburgh, MT 15413');
/*!40000 ALTER TABLE `employee` ENABLE KEYS */;
UNLOCK TABLES;

--
-- Table structure for table `office`
--

DROP TABLE IF EXISTS `office`;
/*!40101 SET @saved_cs_client     = @@character_set_client */;
/*!50503 SET character_set_client = utf8mb4 */;
CREATE TABLE `office` (
  `id` int NOT NULL AUTO_INCREMENT,
  `name` varchar(45) NOT NULL,
  `contactnum` varchar(45) DEFAULT NULL,
  `email` varchar(45) DEFAULT NULL,
  `address` varchar(45) DEFAULT NULL,
  `city` varchar(45) DEFAULT NULL,
  `country` varchar(45) DEFAULT NULL,
  `postal` int DEFAULT NULL,
  PRIMARY KEY (`id`)
) ENGINE=InnoDB AUTO_INCREMENT=225 DEFAULT CHARSET=utf8mb4 COLLATE=utf8mb4_0900_ai_ci;
/*!40101 SET character_set_client = @saved_cs_client */;

--
-- Dumping data for table `office`
--

LOCK TABLES `office` WRITE;
/*!40000 ALTER TABLE `office` DISABLE KEYS */;
INSERT INTO `office` VALUES (1,'Heber McDermott','+7218450408377 ','aida40@kuhic.biz','33493 Winston Loaf\nPort Dollymouth, IL 07947','Minatown','Norway',78526),(2,'Miss Mara Padberg Sr.','+1065216175683 ','sturner@hotmail.com','8978 Zulauf Curve\nHenrietteside, KS 66807','East Junius','Bahamas',57669),(3,'Johanna Daugherty','+9138781754869 ','noemy15@gmail.com','439 Delbert Walks\nKunzeberg, FL 36871-8618','North Geraldinetown','Chile',90063),(4,'Romaine Wuckert','+8489612496847 ','remington.wehner@goodwin.com','29574 Veum Meadows\nPort Beatrice, IA 65480','Powlowskitown','Moldova',99348),(5,'Vito Haag','+6003778150228 ','xmiller@gmail.com','3146 Abshire Rapid\nNew Fabianfurt, MO 21390','Murielville','Iceland',31425),(6,'Golden Volkman','+1722113648963 ','kianna34@hermann.com','9234 Ora Pass\nLake Leeport, NC 20933-0389','Jerdebury','Russian Federation',83596),(7,'Prof. Jonathan Block','+4200603786124 ','jschmidt@hotmail.com','325 Emard Stravenue\nLake Rodrigo, NE 90764','North Alexandrea','United States of America',6062),(8,'Lina Parker','+6886978837790 ','kuvalis.derick@gmail.com','861 Batz Shore\nBartellport, TX 87242-7597','North Nikkistad','Turkey',74581),(9,'Isadore Boyer II','+6905400264690 ','keeling.tillman@halvorson.info','8313 Nannie Glens\nNew Maraborough, ME 40408','Brownside','Sweden',85886),(10,'Judson Zemlak','+8241415735915 ','leannon.geoffrey@lind.com','17720 Kira Isle\nEugeneborough, CT 52044-8842','Luettgenfurt','Palestinian Territories',94610),(11,'Alf Feeney','+7262796308826 ','pierre47@hagenes.org','77929 Bergstrom Ville\nAubreyborough, NV 10695','West Alberto','Malaysia',35235),(12,'Bradford Kessler','+2487098070528 ','mcglynn.bartholome@murazik.com','6394 Erling Drives\nBartolettiland, NV 10539','North Catharineton','Belarus',94009),(13,'Vickie Satterfield','+6008946183778 ','cormier.beverly@rogahn.com','7031 Kunde Knoll Apt. 477\nCodyview, NE 43580','Kaileyside','Benin',84898),(14,'Emely Marks','+4971729183763 ','hrowe@sporer.net','52466 Harris Court\nWest Noemy, OH 05493','East Terry','Lebanon',56170),(15,'Drew Pfeffer','+2640781759319 ','sarah35@gibson.com','646 Collins Ville\nKristymouth, ID 07748','Candidomouth','Monaco',94720),(16,'Rico Frami','+1285332586187 ','vupton@yahoo.com','596 Orn Street\nPort Arnulfoside, IL 03294','Otiliashire','United Arab Emirates',45288),(17,'Prof. Buddy Luettgen DDS','+4548793338672 ','ward.feeney@hartmann.org','57558 Jany Wells\nKieranshire, MI 47178-9963','South Dennistown','Reunion',92825),(18,'Mr. Arthur Volkman DDS','+1384989932449 ','ashlynn.sporer@little.com','505 Gordon Vista\nAleneside, NY 97151','Fletafort','Mayotte',70713),(19,'Kaya Marvin','+3405542225880 ','price.katherine@pouros.biz','673 Treutel Cliffs\nCarterchester, MD 72605','Sandrinefort','Ghana',44114),(20,'Celia Hane II','+5112738849998 ','myrtie.heathcote@gmail.com','551 Hegmann Fort\nLefflerchester, HI 15645','Jackyton','Liberia',42829),(21,'Raegan Koch','+4275130073565 ','rath.lafayette@bergnaum.com','792 Koby Mews\nSchuppeville, RI 14398-5680','Croninview','Denmark',49395),(22,'Mr. Caesar Smith I','+3504622928695 ','dooley.oleta@schumm.com','51770 Earlene Mount\nNew Julius, WA 26735-4173','South Cassidy','El Salvador',63475),(23,'Bria Jacobs','+8752569348909 ','devante73@gmail.com','44796 Erdman Glen\nSouth Ebonyshire, VT 57905','Medhurstshire','Italy',171),(24,'Prof. Justus Kunde Jr.','+2643802042482 ','rnitzsche@goldner.com','42180 Jaydon Burg\nManteburgh, MI 65926','Durwardtown','Marshall Islands',11247),(25,'Charley Kerluke','+2524582098981 ','tdooley@gmail.com','589 Berge Ports\nHeathcoteborough, IA 64791','Lake Lura','Dominican Republic',49821),(26,'Marguerite Bernier Jr.','+8655179262091 ','clemens.rippin@gmail.com','701 Leone Vista\nWest Reginald, OK 05284','East Drakeberg','Netherlands',87560),(27,'Dahlia Kassulke','+2118974411698 ','xmorar@smitham.com','8879 Donald Row\nBechtelarchester, ME 34550','Gradyland','Cape Verde',50370),(28,'Prof. Reilly Pouros DVM','+2454491913887 ','bgibson@yahoo.com','17376 Zackery Ports\nSouth Jonathan, HI 22994','Port Jefferyville','Palau',86739),(29,'Brian Lind','+6149592651519 ','mylene48@satterfield.com','692 Mackenzie Pike\nEast Mae, NC 80988','Margaritafurt','Timor-Leste',3693),(30,'Fredy Abbott DDS','+2999426540252 ','johnston.hayden@hotmail.com','852 Kuhn Mills\nNew Meaganhaven, NV 86289','East Rhoda','Samoa',50297),(31,'Angelita Osinski','+9718860085460 ','bwatsica@gmail.com','46539 Kutch Mall\nNew Aliceland, KS 90983','Lake Zander','Slovakia (Slovak Republic)',66087),(32,'Duncan Lindgren','+8361871937938 ','jaylin14@koepp.net','78973 Mac Crest\nZulaufbury, OK 61458','East Dannieburgh','Northern Mariana Islands',21310),(33,'Jazmyne Haag','+1261099751277 ','zzemlak@hamill.com','61320 Faye Lane\nWest Adell, HI 43747','Willberg','Sierra Leone',57010),(34,'Nathanael Boehm','+6323400998491 ','marietta87@yahoo.com','248 Sim Bridge\nKathlynmouth, WY 11601-0240','Schmelerside','Bolivia',84157),(35,'Aron Borer','+1804487663218 ','judy.hackett@doyle.com','8802 Abe Plains\nNolanton, HI 84450','North Noahchester','Peru',2539),(36,'Nestor Kozey','+6193472529946 ','okon.hailie@braun.com','80548 Jodie Hills\nLanceport, NM 24386-1535','Port Jessika','Congo',86033),(37,'Prof. Alexandre Kshlerin','+6894372242751 ','jbosco@hotmail.com','30425 Welch Union\nWindlerland, AK 10124-8675','Irwinchester','Switzerland',49145),(38,'Iva Kilback','+7829719226996 ','ettie.blanda@predovic.org','6330 Tromp Inlet\nEast Adrienne, IN 57635','Port Concepcion','Algeria',95598),(39,'Ines Collins','+9788500752421 ','aracely.sawayn@harris.org','6189 Stehr Fields\nAllisonfort, ND 80808-8460','Brianafurt','Estonia',44000),(40,'Ms. Cheyanne Howe PhD','+7725402147753 ','vivian99@yost.com','95915 Howell Skyway\nVeumland, WI 37434','Mullerfurt','Dominican Republic',73070),(41,'Ms. Billie Zulauf','+2990366095335 ','fisher.leopoldo@gmail.com','73172 Strosin Manor\nSouth Francesca, NV 58294','South Gerald','Palau',59222),(42,'Dr. Serenity Smith','+1358799190165 ','gina12@gmail.com','381 Runolfsson Fort\nNew Estebanstad, ME 51357','Lake Jed','Australia',5410),(43,'Roderick Mann','+8328938102596 ','demarco08@gulgowski.info','37377 Tianna Drive\nLockmanville, MT 90494','Morarhaven','Liechtenstein',92430),(44,'Benny Daniel','+5368732869284 ','joelle.harris@berge.com','250 Jarred Groves\nZiemannhaven, WY 68726-2467','Margieshire','Iraq',21366),(45,'Baylee Kohler','+6393558308242 ','curtis56@pfannerstill.org','85804 Orn Wall\nNew Koreybury, PA 18210-8753','Dietrichmouth','Malawi',25407),(46,'Colin Boehm','+3250772415603 ','dschoen@simonis.net','859 Legros Walks\nLakinstad, NE 93557','Kaitlynchester','Australia',30748),(47,'Mathilde Stiedemann','+1527401228353 ','kovacek.magdalen@gmail.com','2224 Amelie Mill\nNorth Albin, ME 18334-1750','Lake Scot','Central African Republic',42183),(48,'Jimmy Funk','+2393446892170 ','durgan.germaine@gmail.com','4303 Lucienne Lights\nLake Metaton, SD 58528','West Lisetteton','Falkland Islands (Malvinas)',32380),(49,'Arely Bauch','+5018261581900 ','hester.schowalter@witting.org','54749 White View Suite 642\nOdaland, NE 61938','South Donnie','Venezuela',40451),(50,'Amari Abshire','+8385288660842 ','weldon30@tremblay.com','2709 Kohler Turnpike\nKaramouth, MN 55578-2742','Lisaport','Sudan',17576),(51,'Dr. Hermann Pacocha DVM','+3822645018944 ','earlene98@gmail.com','999 Penelope Land\nNew Mackenziestad, NJ 80714','Esthershire','Antarctica (the territory South of 60 deg S)',11340),(52,'Dr. Cierra Abbott PhD','+3191371141398 ','hauck.dedric@hotmail.com','6544 Erich Estate\nJacintomouth, KY 82126','Nathanialmouth','Botswana',26594),(53,'Paxton Runolfsdottir','+3830703272546 ','bethany.harber@ebert.net','714 Karlee Spur\nPort Guystad, GA 23108-6608','Lake Aurore','Macao',13203),(54,'Tommie Keeling Jr.','+8133569619316 ','ferry.meredith@frami.biz','325 Tyrique Walk\nLowemouth, PA 02971','Virgiefurt','Singapore',56662),(55,'Mallie Sauer','+8698377772272 ','vella.schamberger@wiza.biz','50637 Talia Row\nOrtizchester, SD 72328','Port Ted','Northern Mariana Islands',42592),(56,'Dr. Harold Turner','+6272443796012 ','ebony32@yahoo.com','672 Angela Neck Apt. 282\nEast Avery, CO 75076','New Crysteltown','Zambia',88606),(57,'Dr. Nola Feest','+9660929537363 ','kertzmann.mackenzie@mueller.info','745 Floyd Burgs Apt. 479\nNew Carmen, DE 63207','Bentonhaven','Belize',70042),(58,'Dr. Lawrence Conn I','+4655388256773 ','charlie.erdman@yahoo.com','40680 Neoma Points\nBettyebury, WY 81255-1637','South Ginaberg','Saudi Arabia',39425),(59,'Lambert Flatley Sr.','+6373245945359 ','sean.nikolaus@cartwright.com','47233 Hilpert Mission\nChristianstad, DE 45606','Nyasialand','Anguilla',98202),(60,'Mr. Grayce Towne PhD','+2703228597208 ','mskiles@monahan.com','201 Hyatt Curve\nLake Krystinaton, LA 50925','East Nicolaton','Congo',63478),(61,'Dasia Carter DVM','+7958186728112 ','ellsworth.kling@boyer.com','58001 Ruthie Prairie\nAuerville, NE 42334-5569','Katheryntown','Bahamas',8645),(62,'Deshawn Heller DVM','+3312014372255 ','mertz.fatima@yahoo.com','99070 Loren Meadow\nMackenzieshire, ME 35552','Glenniefort','Cocos (Keeling) Islands',74760),(63,'Mr. Emmitt Schuster','+2116950068333 ','henri.williamson@hotmail.com','183 Jasper Forks\nLake Ransom, DC 74244-8543','Kilbackchester','Syrian Arab Republic',37706),(64,'Lamar Zboncak','+4109107466117 ','angelita83@weissnat.com','53765 Heaney Canyon\nLake Mariah, DC 23709','Port Etha','Ecuador',9353),(65,'Dr. Ali Deckow','+7543191361750 ','wisoky.lavonne@gmail.com','758 Golden Grove\nEast Jedidiah, UT 14946','Koeppside','South Africa',99228),(66,'Julia Ziemann','+1446760333308 ','aaron.raynor@roberts.com','971 Zemlak Causeway\nNew Ervin, MN 80911-5504','Hettingerville','Jersey',48441),(67,'Alvera Koepp III','+1945268206345 ','pedro.roberts@gmail.com','629 Ima Stravenue\nPedroshire, NC 00430','Devynfurt','Namibia',57087),(68,'Dock Baumbach','+2889088611185 ','baumbach.burnice@hessel.info','638 Gibson Point\nSouth Jackson, GA 06863-3781','Nilsburgh','Germany',66944),(69,'Prof. Ressie Harvey DVM','+8436190259908 ','marques.hyatt@stark.com','452 Baumbach Gardens\nLuigiside, IL 80470','Kellieview','Sierra Leone',66715),(70,'Cathrine Miller','+6648230159089 ','lavina.haley@wunsch.com','889 Wisoky Ridges\nKshlerinside, AR 04301','New Lonmouth','Poland',2298),(71,'Alexandro Schaefer','+4170725728159 ','tanner38@howe.biz','518 Murray Cliffs\nWizamouth, PA 34182-2393','Lake Graceton','Saint Kitts and Nevis',33810),(72,'Dr. Arlie Bogisich Jr.','+6187230094682 ','cornell.klein@stanton.com','760 Godfrey Isle\nGibsonhaven, MN 61854','North Loychester','Tonga',24436),(73,'Blake Vandervort','+6132626094355 ','eziemann@okeefe.biz','74444 Mills Cliffs\nZulafort, NV 44084','New Madonna','Tunisia',88317),(74,'Mrs. Kayla Schmeler Sr.','+3365131885931 ','deshaun.pouros@streich.com','31403 Anabelle Isle\nHillburgh, CT 58441','West Xandermouth','Andorra',67279),(75,'Kelsie Schneider DVM','+7832993968868 ','dicki.francisca@hotmail.com','5110 Rogahn Path\nSouth Marquesville, TN 29584','Parkermouth','Ireland',67558),(76,'Kirstin Pfeffer','+7041470237819 ','gloria.stamm@yahoo.com','388 Emard Fields\nEast Graceberg, IA 85496','Pacochatown','Moldova',63723),(77,'Vidal Nitzsche','+8229746204865 ','zrunte@hotmail.com','106 Emelia Common\nEast Joany, MI 86705','Lake Nicolettestad','Timor-Leste',81439),(78,'Adela Oberbrunner','+9282439168011 ','raheem.koch@yahoo.com','949 Mariela Port\nLake Gretchenside, DC 14605','East Clementmouth','French Guiana',98873),(79,'Arno Balistreri','+3068455178508 ','pamela.bauch@morissette.biz','3735 Cordell Place\nNorth Darby, NY 62991','Chaddport','Northern Mariana Islands',38023),(80,'Dr. Amparo Spencer MD','+7600976581762 ','francisca.leuschke@yahoo.com','752 Leda Union\nDomingotown, AZ 81916-5074','North Maraview','Nepal',76368),(81,'Dr. Henriette Stanton II','+7370824348928 ','jadyn.armstrong@hotmail.com','6577 Autumn Centers\nGideonton, KS 86614','Medhurstchester','Bulgaria',37052),(82,'Prof. Alverta Glover V','+2139668243547 ','harris.chloe@kilback.com','829 Reinger Key\nNew Otho, GA 38186','Clairberg','Dominican Republic',51833),(83,'Mohammad Stroman MD','+4977171136059 ','gino.daniel@reichel.com','48955 Lou Ford\nNorth Ryderside, KY 69671-2716','Gutkowskishire','Mali',87034),(84,'Nicholaus Buckridge','+3901058707343 ','tcassin@bechtelar.com','20233 Alex Fall\nWuckertstad, HI 94085','Spinkaville','Saint Pierre and Miquelon',94989),(85,'Bella Moen','+9612169304358 ','shana.thiel@yahoo.com','43265 Collins Plaza\nStarkside, MT 35630','Dylanfort','Serbia',82568),(86,'Betty Witting','+4370526465160 ','schinner.christa@gmail.com','234 Jast Drive\nTalialand, WV 03313','East Mikel','Belize',56303),(87,'Imani Hilpert','+9619504257557 ','tianna21@gmail.com','119 Antonetta Shoal\nWest Metamouth, MS 21687','Elseview','Djibouti',87826),(88,'Norma Fadel','+3344038113301 ','kamron.streich@hotmail.com','2850 Leffler Road Apt. 599\nGuyfort, NH 03230','West Jeramieland','American Samoa',89386),(89,'Ella Littel','+2847681693693 ','marilyne38@hotmail.com','6507 Dell Heights\nPearlinestad, WY 68222','West Blairside','Turks and Caicos Islands',72114),(90,'Holly Reynolds','+6940071254480 ','evangeline.trantow@jacobson.org','43068 Barrows Drive\nWest Chayaport, RI 54579','West Leilani','Jordan',74395),(91,'Cody Baumbach','+9092809044999 ','ctrantow@reilly.com','1791 Jayce Falls\nPort Jalyn, GA 80909','New Jerad','Korea',66678),(92,'Prof. Velma Koss','+8128550424335 ','qschimmel@konopelski.com','920 Christina Light\nPort Lexusberg, DE 96749','Michaleside','France',66956),(93,'Helmer McKenzie','+7547048340882 ','zena72@gmail.com','56923 Rosendo Fork\nHyattmouth, OH 17990','South Gerryhaven','Rwanda',34169),(94,'Annetta Cummerata III','+7966649705428 ','louvenia.reynolds@hotmail.com','32380 Howell Plain\nLorafort, HI 09712-8429','New Ellsworth','Finland',40582),(95,'Ozella Johns Sr.','+3874375310075 ','adolphus.morar@oreilly.com','71392 Leannon Manors\nEmardshire, AR 94106','Lake Daphne','Saint Martin',2164),(96,'Manuel DuBuque','+4374113994191 ','lpredovic@herman.com','2242 Turcotte Spring\nMichealfort, NE 57917','Claudiefurt','French Polynesia',70635),(97,'Mrs. Jewell Jenkins Sr.','+3259556679035 ','jmueller@hotmail.com','47440 Bednar Centers\nFaytown, MS 11422','Turnerstad','Turkmenistan',50134),(98,'Ibrahim Schoen','+9131230010834 ','bonnie73@purdy.net','147 Crooks Summit\nSouth Annetta, NV 27546','South Annetteland','Bolivia',51318),(99,'Prof. Sheridan Tromp','+8619260021164 ','cwill@jakubowski.org','3339 Upton Forge\nPort Xanderberg, HI 19399','New Jaqueline','Dominica',58360),(100,'Dallin Hauck III','+1767731288576 ','klein.ozella@gmail.com','388 Moises Row\nWest Garnettchester, GA 32262','North Maia','Djibouti',24371),(101,'Ana Dietrich','+5863483400884 ','weldon62@zboncak.com','18702 Janae Hills\nNew Skyla, MD 49372','Evelynton','Antigua and Barbuda',95585),(102,'Lera Ward','+6590547334621 ','mbatz@pfannerstill.info','9432 Kshlerin Walk\nDeontaeville, AL 21752','Turnerburgh','Saint Pierre and Miquelon',87431),(103,'Kathryne Larson','+1934447877118 ','walker.arlie@harris.info','79070 Kohler Burgs\nLake Kian, OH 36334-9520','North Cale','Burundi',73530),(104,'Danika Auer','+6960482051022 ','juanita.howe@dickinson.com','94098 Bode Streets\nSabrinaland, LA 05385','Lake Irmaport','Kenya',43974),(105,'Regan Larkin III','+6130473575967 ','milan.gleichner@yahoo.com','33610 Aletha Causeway\nMonroestad, NH 82784','South Gabriella','Cameroon',22884),(106,'Prof. Amir Osinski','+5046439649734 ','arnoldo11@mohr.com','852 Gleason Light\nKipville, NM 74819-2865','Julianafort','Swaziland',85940),(107,'Demetrius Dare PhD','+8618418690814 ','percival.murazik@gmail.com','136 Wisozk Valleys\nNew Kenya, OR 24344','Lake Burdette','Central African Republic',97551),(108,'Prof. Velva Gutmann Jr.','+8835828795018 ','otto41@kuhlman.com','48503 Quigley Burg\nWest Titus, VT 40819','East Adolph','Burkina Faso',48576),(109,'Nickolas Beatty MD','+7499983187517 ','mkshlerin@yahoo.com','92966 Turcotte Vista\nCaseystad, MN 18199-5986','West Rylee','Malawi',58590),(110,'Freeda Collins III','+6971631073362 ','obrakus@nader.com','12907 Haven Key\nReedland, NC 16112','Eddieshire','Aruba',95674),(111,'Jewel Ritchie','+8144092248587 ','jfahey@gmail.com','12791 Henri Spring\nDibberttown, PA 41387-3142','New Floridamouth','Bouvet Island (Bouvetoya)',39647),(112,'Bell Schoen','+5707437526959 ','conner.kerluke@gislason.com','491 Lesch Cliff\nNew Reese, OR 51261','Port Delphineberg','Thailand',92803),(113,'Drake Kozey','+8872596668916 ','hirthe.desmond@bogisich.com','5689 Bianka Run\nSouth Lisandro, IA 05081-1257','South Michel','Singapore',79700),(114,'Ocie Mills I','+8552104038700 ','elvera.bergnaum@gmail.com','33802 Tania Lights\nDestinyberg, WY 29620-2472','Franeckiborough','Pitcairn Islands',27865),(115,'Jo Bergnaum','+1338335633953 ','okuneva.eula@hotmail.com','322 Juliet Forest\nNorth Freddyland, MS 51227','Port Nicofort','Turks and Caicos Islands',5343),(116,'Willa Barrows','+8545601782025 ','yreinger@yahoo.com','2174 Oren Squares\nNorth Michaelstad, ME 33680','East Clara','Ireland',71205),(117,'Logan Labadie','+4647080114922 ','yhickle@mcdermott.com','63255 Amanda Loop\nPort Bart, CT 79429-5960','Merrittberg','Brunei Darussalam',31112),(118,'Eldora Reynolds','+4541465383966 ','miles.abernathy@gmail.com','94948 Ezequiel Ways\nAmirastad, IA 45053-1491','Mosciskiberg','Bermuda',87736),(119,'Floyd Nitzsche','+7826292664256 ','maia.nienow@yahoo.com','4973 Koepp Garden\nNehaland, FL 07870-6650','West Karley','Croatia',30198),(120,'Edward Treutel','+3964704342684 ','lmarquardt@wehner.com','6246 Owen Point\nBrookeville, LA 76146-1483','North Clotilde','Portugal',27185),(121,'Mariane Kunze','+2015742920929 ','gorczany.lionel@yahoo.com','554 Katrine Mall\nSwiftburgh, NJ 66075-4487','Connchester','Ethiopia',84565),(122,'Eileen Schmeler II','+3413874487527 ','boyer.zachariah@mayer.biz','6976 Kutch Port\nMorissetteland, WI 98557','Lulaville','Barbados',24994),(123,'Dr. Claud Ziemann DDS','+5416254078172 ','ulices40@wolf.biz','2636 Rod Causeway\nLynchstad, AK 98207','Lake Andreaneport','Namibia',24675),(124,'Eli Kohler','+4455950606056 ','frath@marks.com','88665 Denesik Islands\nLindberg, WV 99927-2007','Jacobsonbury','Andorra',8004),(125,'Dr. Diamond Aufderhar','+2658039202627 ','langworth.nathanial@yahoo.com','4023 Franecki Ville\nNew Samaramouth, GA 74917','Darienbury','Saint Helena',90842),(126,'Miss Kari Berge','+4531716110052 ','zora.kris@schuppe.org','7930 Aniya Station\nLake Estellafurt, WA 16702','Prohaskaton','Fiji',94120),(127,'Brycen Morar','+1653823169711 ','mwelch@gmail.com','99052 Kunze Manor\nNorth Parker, NC 87155-5579','South Meagan','Hong Kong',97049),(128,'Turner Rau','+2740935697679 ','gibson.jerrold@schumm.com','9776 Duane Villages\nPort Avashire, KY 70808','Port Lydaville','Timor-Leste',25817),(129,'Deangelo Adams','+9824229331778 ','jerel70@upton.biz','6394 Torp Mountain\nLake Ollie, ND 62480','Beahanmouth','Algeria',61054),(130,'Neil Graham II','+1182975915861 ','lily.smith@daugherty.info','968 Reba Locks\nEast Anastacioside, MO 60516','Ethylland','Ukraine',70659),(131,'Mrs. Pattie Cummerata II','+6657449135378 ','wyman.jakubowski@gmail.com','6070 Jamir Ford\nAdrielstad, WA 73160','Camdenhaven','Reunion',28732),(132,'Bria Mitchell','+1217544218772 ','anne.schneider@gmail.com','43377 Von Rapids\nSouth Javonte, MN 73648','Stantonstad','Solomon Islands',47992),(133,'Prof. Josefina Kutch','+7300764334788 ','larissa.feest@connelly.biz','841 Upton Circles\nKuvalisborough, KY 10589','Lake Eugene','Armenia',31990),(134,'Damion Schowalter','+5551874067999 ','carol.zulauf@sawayn.net','9911 Billy Squares\nLangworthview, CO 10308','Croninview','Poland',35604),(135,'Nellie Breitenberg','+7458200439317 ','emiliano.cormier@dickens.net','85799 Larkin Spring\nKunzeborough, ME 74630','Lake Kattiemouth','Philippines',41805),(136,'Llewellyn Koss','+9099085934655 ','courtney80@hotmail.com','8113 Carroll Crossing\nLake Taurean, ND 45200','North Geovanni','Yemen',77659),(137,'Deja Rippin','+4463037793068 ','buford13@gmail.com','968 Tromp Prairie\nNorth Travon, IA 79219-0612','Lake Megane','Saint Vincent and the Grenadines',28042),(138,'Karina Crist','+7174299993577 ','balistreri.emerald@hotmail.com','948 Rau Radial\nLake Alessandra, HI 27824','Floymouth','Grenada',66995),(139,'Isabel Kreiger','+1126692502650 ','lkling@schneider.com','877 Liza Divide Apt. 899\nGerardfort, UT 34792','East Xavier','Uzbekistan',80616),(140,'Mr. Kurt Hane Sr.','+7091174276567 ','bailey.verona@nader.com','31081 Ruecker Trace\nPort Jedstad, WV 21825','Lake Oda','Gabon',69083),(141,'Isai Gerlach','+2543312468549 ','hailee28@gmail.com','2761 Ritchie Village\nFionaland, TX 81970','North Kelvinland','Liberia',74234),(142,'Ole Bogan','+4812504173339 ','schoen.marcelino@hotmail.com','909 Rempel Heights\nPort Odessashire, VT 99629','Bernardborough','Netherlands',67912),(143,'Candelario Nolan','+8798095429566 ','durgan.jacques@lindgren.org','48505 Leatha Gateway\nBatzside, LA 19601-4306','Terrychester','Jordan',11849),(144,'Edwin Hammes','+7077460112181 ','sidney.collins@ratke.com','4776 Donnelly Walk\nBrownberg, IA 25989','Sanfordview','Mozambique',66114),(145,'Makenna Ondricka','+4391700228179 ','rubye.conn@gmail.com','300 Aglae Rest\nCorwinside, MO 19082-3009','Ratketown','San Marino',24883),(146,'Isaias Cormier','+4856200104816 ','schmidt.bryce@larson.org','8840 Skiles Isle Apt. 182\nBoyleport, VA 94572','Kiehnberg','Saint Helena',58250),(147,'Percival Franecki','+3628306401177 ','mustafa.lynch@rosenbaum.org','7928 Amy Shoal\nJanessabury, MD 09376-7050','Kerlukeland','India',73523),(148,'Pearl Altenwerth','+5457664908768 ','pstoltenberg@hotmail.com','9826 Junior Fields\nLake Vernaside, GA 01450','North Jerry','Jamaica',41897),(149,'Viola Stamm','+1345758735734 ','regan94@jones.info','6259 Jack Isle\nNew Mauricio, NE 57977','Grantton','San Marino',42853),(150,'Betty Robel','+1786294375146 ','genevieve.mante@watsica.org','957 Grover Summit\nLangworthton, CO 74265','Lake Arvel','Armenia',88187),(151,'Lempi McCullough','+2783218774116 ','waldo15@vandervort.org','481 Verona Highway\nRyanburgh, WY 90609','Lindgrenshire','Netherlands Antilles',27024),(152,'Rosetta Herzog','+9486153044852 ','dkuhic@champlin.com','764 Vern Shoal\nWest Treyland, CO 57601','Port Joseville','Malta',22583),(153,'Guiseppe Marks DDS','+7336183228740 ','pkonopelski@hotmail.com','157 Luna Grove\nReyesbury, VA 44811','South Ayanaville','Jamaica',88440),(154,'Easton Davis','+2196205321281 ','deon98@corwin.info','8213 Dillan Place\nAdamshaven, TN 39297-9902','West Kaileyburgh','Monaco',61312),(155,'Colton Witting','+1756204786046 ','anderson.genoveva@gmail.com','415 Stracke Forest\nEmmymouth, NM 19622','Port Tyrellland','Congo',29951),(156,'Devan Gaylord I','+4505362626569 ','tdooley@rolfson.com','708 Lakin Fields\nTyreeville, IL 25205-1320','Alfredotown','Isle of Man',38867),(157,'Clementine Parker','+9747609174839 ','brown.deion@cronin.com','5056 Hintz Isle\nCadenside, NY 12011','Jennyferview','New Caledonia',57590),(158,'Emelie Davis','+6913510865646 ','roel36@rodriguez.biz','2732 Tressa Points\nLake Marquise, HI 63412','Twilamouth','Hong Kong',52342),(159,'Avis Feeney','+4561157336375 ','dianna.reinger@gmail.com','6011 Howe Village\nPort Kalliehaven, NM 61156','North Frankmouth','Brunei Darussalam',70180),(160,'Ms. Kiarra Lesch III','+6624341833164 ','antone.rolfson@gmail.com','25244 Earnest Fords\nNorth Hassan, ME 47615','Pollichburgh','Afghanistan',31074),(161,'Miss Janie Tillman','+9618353859019 ','rosendo.waelchi@jakubowski.com','397 Tanner Port\nLake Sophia, AL 66797-2443','North Elyseville','Iran',84219),(162,'Virgie Wehner','+8708844870176 ','vhodkiewicz@hotmail.com','8076 Moen Heights\nDylanport, WY 50152','East Jalenburgh','Grenada',40500),(163,'Pierce Wolf','+4412151646874 ','yhackett@hotmail.com','414 Princess Mews\nSethmouth, AR 01976','West Joelle','Dominica',49841),(164,'Alejandrin Stoltenberg PhD','+4291647629516 ','lang.summer@gmail.com','3642 Elias Skyway\nAngelicashire, IL 05405','South Tanya','Bahamas',44356),(165,'Nathaniel Abernathy','+4222230303771 ','juvenal70@gmail.com','9557 Larissa Parkway\nNew Benjamin, OK 64930','Floystad','New Zealand',55802),(166,'Miss Pinkie Smitham I','+5949366572828 ','cheathcote@leffler.com','1113 Tobin Stream\nWest Rollin, NH 73113','North Jeffrey','Somalia',58277),(167,'Miss Aleen Johns DVM','+5671990907304 ','sarai74@hotmail.com','578 Nienow Ridges\nJohnstonberg, LA 09000','Domingoshire','New Zealand',2385),(168,'Merle Ruecker V','+1920357816340 ','huels.carolyn@hotmail.com','232 Drew Street\nNorth Raventown, MO 00348','East Brent','Dominica',23614),(169,'Elyssa Ferry II','+2607598800579 ','prowe@jenkins.org','412 Emmet Expressway\nMannhaven, NH 74519-0340','West Valeriehaven','Tuvalu',77383),(170,'Zella Wisozk','+6373323572297 ','corene.lemke@gmail.com','4459 Bode Cove Apt. 714\nKailynshire, AK 43339','East Clarissa','Portugal',72632),(171,'Esther Quigley','+2614571300428 ','bruen.twila@gmail.com','6176 Barton Port\nWest Bernadinefurt, IA 05070','New Zella','Antigua and Barbuda',92298),(172,'Carissa Huel','+7179054027362 ','otilia.runte@upton.net','5681 Bednar Circle\nPort Audra, MN 06301','Weissnathaven','Malawi',36896),(173,'Ubaldo Kuvalis','+4608267366714 ','mathew84@stracke.com','11571 Al Rapids\nMannton, CA 17582','Cummingsfurt','Andorra',92896),(174,'Rachelle Wuckert','+3371971013146 ','jovan.davis@yahoo.com','221 Runolfsson Flat\nPacochaville, GA 15454','Lionelville','Bosnia and Herzegovina',72099),(175,'Lance Stanton','+9759483264889 ','hferry@gleason.com','67745 Reina Mount\nAbeton, LA 26510','Conroyton','Thailand',54569),(176,'Lesley Welch','+6033223623298 ','susie74@gmail.com','406 Bill Mews Suite 040\nJerroldport, MN 68542','Dickiburgh','Djibouti',25106),(177,'Elouise Spinka','+9871292125419 ','clangworth@yahoo.com','71729 Jacobi Corner\nBrownland, MO 12393-7560','Port Gladys','Morocco',35834),(178,'Prof. Adeline Morar I','+4710140562606 ','marquis33@oberbrunner.com','442 Wisozk Plaza\nBruenland, TN 36699','North Justenborough','Panama',56343),(179,'Cornell Halvorson','+5280760145546 ','joyce77@mcdermott.com','2796 Nader Ville\nLake Roxane, UT 49449','Koelpinfurt','Germany',91804),(180,'Dr. Reed Shields','+8886694823272 ','isom46@hotmail.com','4372 Murray Village\nLittlefurt, WA 74557-2945','Breanaton','Estonia',98417),(181,'Kiera Gottlieb','+1216766426411 ','ywilliamson@gmail.com','2014 Randy Ports\nErvinburgh, SD 92359-2315','North Zanderberg','Cuba',95121),(182,'Janessa Hudson','+9946537877673 ','kuphal.anahi@yahoo.com','14202 VonRueden Greens\nAdrainton, KS 80574','Nicholausbury','Senegal',43114),(183,'Corrine Lakin','+5341352937584 ','legros.nya@wisoky.com','4910 Kub Ports\nSouth Electa, AZ 87211','Newellport','Macedonia',91889),(184,'Miss Jazmyn Berge','+7959154418941 ','bschowalter@berge.com','676 Beer Avenue\nTillmanfort, NY 64311-1160','Lorenzafurt','Georgia',54016),(185,'Gabe Ebert II','+8268350366200 ','cbrekke@yahoo.com','8334 Hamill Glens\nLake Vicenta, NV 58040-0401','Port Gabe','Jordan',90290),(186,'Madalyn Labadie','+1320855291066 ','qboyer@hotmail.com','7053 Champlin Corners\nTheodorefurt, NV 30799','Lake Reese','Haiti',89256),(187,'Rudy Lehner DDS','+4370230181889 ','kutch.weston@hermiston.net','738 Cronin Ways Suite 402\nIlaport, WV 11267','South Grover','Montenegro',80391),(188,'Emelia Schmeler','+4019912000686 ','brown92@hotmail.com','386 Fisher Corner\nAlessandrafurt, NM 93197','South Glenda','Maldives',66298),(189,'Pasquale Spinka II','+4222294637187 ','streich.gay@hotmail.com','64299 Feest Springs\nNew Johnny, MT 81146-1266','West Emile','Moldova',79980),(190,'Jordane Botsford','+9288243442432 ','runte.jany@hotmail.com','3385 Murray Stravenue\nAracelimouth, OH 85037','Garnetton','Saint Kitts and Nevis',61975),(191,'Lora Christiansen','+7793414473347 ','upton.dana@hintz.com','7943 Daniela Manor\nOscartown, IA 52257','North Oral','Mauritius',2614),(192,'Maye Rowe','+3423566064454 ','nicole96@yahoo.com','808 Lon Spurs Suite 329\nEramouth, ND 79020','Joaquinchester','French Polynesia',13026),(193,'Loyce Stokes','+9000373172187 ','burnice83@hotmail.com','91185 Shields Lake\nNew Cheyennetown, ND 81106','South Lonside','Togo',79790),(194,'Holden Reichel','+5933847822187 ','alexys48@yahoo.com','466 Metz Mountain\nReinholdville, OR 96490','Port Scarlett','Cook Islands',44379),(195,'Sebastian Wilderman','+5630779965228 ','marjolaine76@gmail.com','130 Hamill Ports\nBlockberg, CA 25559','Olsonfort','Antigua and Barbuda',61782),(196,'Brayan VonRueden','+5225853482545 ','beaulah88@klocko.info','960 Dorothea Station\nNorth Elroy, MS 53770','South Monteberg','Holy See (Vatican City State)',55427),(197,'Mr. Lonnie Stoltenberg','+4688867981316 ','lorena.anderson@gmail.com','13493 Harris Ports\nEast Janieberg, SC 00896','Mosciskihaven','Saint Pierre and Miquelon',57280),(198,'Terry Stroman','+1970343991517 ','nikki.herman@koelpin.com','3388 Legros Mountains\nWest Sydnie, CT 85208','East Eliezer','Cocos (Keeling) Islands',4227),(199,'Gillian Rippin','+1365701549676 ','neal64@oberbrunner.org','76281 Abel Tunnel\nDonnellberg, CO 47160-4953','Lake Tyra','Peru',93106),(200,'Consuelo Denesik','+8628962901403 ','ondricka.adolph@hotmail.com','1440 Reilly Trail\nNorth Julius, MD 26282','West Kaci','Mauritania',54182),(201,'Dr. Madaline Graham MD','+7925520569982 ','barton.cecilia@bernier.net','64548 Alexie Groves\nPort Gloria, UT 86608','Armstrongland','Cape Verde',13083),(202,'Sydnee Leffler Jr.','+7456813640813 ','katheryn.marquardt@dooley.org','7532 Shanahan Road\nNew Nora, AL 71607','Jacintheton','Tokelau',97001),(203,'Dexter Bednar','+5536541676897 ','yabernathy@yahoo.com','466 Thomas Branch\nMelisaland, NY 77912-3426','Doyleborough','Guadeloupe',69700),(204,'Delta Hettinger','+5111282060380 ','kreiger.antone@harvey.info','549 Hill Meadow\nMetzstad, WY 17258-2328','East Joana','Tonga',1233),(205,'Sandy Davis','+7851955995335 ','qwatsica@yahoo.com','318 Bella Lock Apt. 499\nKosston, TN 41808','Lake Andreborough','Guinea',95012),(206,'Mrs. Amya Pouros I','+7249815778683 ','xdurgan@hotmail.com','55317 Tavares Cove\nKihnmouth, TX 23511','New Delfinaland','Lebanon',63769),(207,'Helen Goodwin','+7519853151245 ','wbrekke@mraz.info','2048 Auer Stream Apt. 740\nPort Orie, ME 78590','Gaylordfurt','Slovakia (Slovak Republic)',26370),(208,'Caterina Wiegand','+3793991527845 ','orodriguez@gmail.com','3840 Renner Radial\nLowechester, SD 10756','West Mozellestad','Argentina',5950),(209,'Leatha Lind','+6039552419298 ','marion93@fritsch.info','891 Suzanne Tunnel\nLake Sydni, TX 08830-9044','Aidanbury','Bhutan',42326),(210,'Tod Goodwin','+9569017847899 ','von.sherwood@ritchie.com','640 Franecki Station\nHanehaven, LA 49150-7921','Ebertshire','French Polynesia',20974),(211,'Miss Noemie Crist','+5181471269327 ','isabelle.kovacek@hotmail.com','21147 Bogan Shore\nSuzanneshire, MI 94304-4746','North Brookeborough','Tanzania',49833),(212,'Gonzalo Vandervort','+3463684062943 ','quinten95@hotmail.com','5575 Liana Dale\nSouth Candida, WA 16447-7717','Lake Geovanny','Tanzania',15649),(213,'Jayson Yundt','+6252547471613 ','catalina.shields@gmail.com','9548 Durgan Ville\nAnnettaburgh, UT 41496','Nathanielside','Slovakia (Slovak Republic)',45695),(214,'Mr. Xzavier Herzog II','+5241483642756 ','dana80@yahoo.com','786 Zola Tunnel\nJenkinsburgh, NE 98736','Leannonland','Norfolk Island',20231),(215,'Jonathan Powlowski','+5755151549734 ','mohamed04@moore.com','642 Herman Rue\nNorth Mina, NV 89888','Marcosburgh','Korea',4108),(216,'Vickie Kuphal','+6847025355323 ','electa61@yahoo.com','74939 Lauryn Prairie\nZoeyfurt, DE 15075-2916','Lake Roycehaven','Chile',68562),(217,'Dr. Carrie Parisian PhD','+9305226453711 ','jean.herzog@schumm.com','335 Hoeger Mills\nTremaynebury, VT 12539-9639','Joanabury','Iran',98540),(218,'Michale Watsica','+7603115569834 ','laisha58@davis.com','5606 Bernier Isle\nNew Kelli, AL 18088-4611','North Bradyshire','American Samoa',48254),(219,'Sister Bergnaum','+5807884059108 ','wilderman.clifton@yahoo.com','56178 Samantha Courts\nBrendafort, NJ 99854','New Ladariusfort','Jersey',60139),(220,'Adolf Raynor','+4392134082260 ','lubowitz.pierre@sawayn.net','424 Mayer Squares\nTobychester, SD 87045-3462','Gianniport','Cuba',92461),(221,'Mrs. Bethel Morissette DDS','+3531000904911 ','fhuels@brakus.info','1908 Baumbach Route\nFrederikburgh, MO 09391','Boyermouth','Montenegro',13398),(222,'Haley Brakus','+6229128925107 ','rudolph.kuvalis@oreilly.com','21405 Justus Forest\nNorth Daijaton, KY 54121','Florenciohaven','Peru',62754),(223,'Mr. Kenneth Fritsch PhD','+3387627550587 ','langosh.bailey@swift.com','6334 Bridget Fields\nOnieshire, MD 61957-2672','Hermannmouth','Azerbaijan',85353),(224,'Schuyler Wisozk','+1388617850919 ','demarcus79@paucek.com','2956 Allan Meadows\nWalshmouth, IA 65203','Port Greg','Bangladesh',16827);
/*!40000 ALTER TABLE `office` ENABLE KEYS */;
UNLOCK TABLES;

--
-- Table structure for table `transaction`
--

DROP TABLE IF EXISTS `transaction`;
/*!40101 SET @saved_cs_client     = @@character_set_client */;
/*!50503 SET character_set_client = utf8mb4 */;
CREATE TABLE `transaction` (
  `id` int NOT NULL AUTO_INCREMENT,
  `employee_id` int DEFAULT NULL,
  `office_id` int DEFAULT NULL,
  `datelog` datetime DEFAULT CURRENT_TIMESTAMP,
  `task_status` enum('IN','OUT','COMPLETE') CHARACTER SET utf8mb4 COLLATE utf8mb4_0900_ai_ci DEFAULT NULL,
  `remarks` varchar(100) DEFAULT NULL,
  `documentcode` varchar(45) NOT NULL,
  PRIMARY KEY (`id`)
) ENGINE=InnoDB AUTO_INCREMENT=10 DEFAULT CHARSET=utf8mb4 COLLATE=utf8mb4_0900_ai_ci;
/*!40101 SET character_set_client = @saved_cs_client */;

--
-- Dumping data for table `transaction`
--

LOCK TABLES `transaction` WRITE;
/*!40000 ALTER TABLE `transaction` DISABLE KEYS */;
INSERT INTO `transaction` VALUES (2,11,11,'2023-03-20 00:07:38','IN','Signed','100'),(3,9,9,'2023-03-20 00:08:01','COMPLETE','Approved','101'),(4,14,2,'2023-03-20 00:08:23','COMPLETE','Signed','100'),(5,2,45,'2023-03-20 00:08:53','OUT','Signed','103'),(6,105,120,'2023-03-20 00:09:14','IN','Signed','101'),(7,15,66,'2023-03-20 00:09:41','OUT','Signed','100'),(8,115,15,'2023-03-20 00:09:56','OUT','Signed','101'),(9,56,9,'2023-03-20 00:10:05','COMPLETE','Approved','103');
/*!40000 ALTER TABLE `transaction` ENABLE KEYS */;
UNLOCK TABLES;
/*!40103 SET TIME_ZONE=@OLD_TIME_ZONE */;

/*!40101 SET SQL_MODE=@OLD_SQL_MODE */;
/*!40014 SET FOREIGN_KEY_CHECKS=@OLD_FOREIGN_KEY_CHECKS */;
/*!40014 SET UNIQUE_CHECKS=@OLD_UNIQUE_CHECKS */;
/*!40101 SET CHARACTER_SET_CLIENT=@OLD_CHARACTER_SET_CLIENT */;
/*!40101 SET CHARACTER_SET_RESULTS=@OLD_CHARACTER_SET_RESULTS */;
/*!40101 SET COLLATION_CONNECTION=@OLD_COLLATION_CONNECTION */;
/*!40111 SET SQL_NOTES=@OLD_SQL_NOTES */;

-- Dump completed on 2023-03-20  0:18:45
